{
  "indexes": [
    {
      "collectionGroup": "bookings",
      "queryScope": "COLLECTION",
      "fields": [
        {
          "fieldPath": "bookingStatus",
          "order": "ASCENDING"
        },
        {
          "fieldPath": "createAt",
          "order": "ASCENDING"
        }
      ]
    },
    {
      "collectionGroup": "bookings",
      "queryScope": "COLLECTION",
      "fields": [
        {
          "fieldPath": "bookingStatus",
          "order": "ASCENDING"
        },
        {
          "fieldPath": "createAt",
          "order": "DESCENDING"
        }
      ]
    },
    {
      "collectionGroup": "bookings",
      "queryScope": "COLLECTION",
      "fields": [
        {
          "fieldPath": "bookingStatus",
          "order": "ASCENDING"
        },
        {
          "fieldPath": "customerId",
          "order": "ASCENDING"
        },
        {
          "fieldPath": "createAt",
          "order": "DESCENDING"
        }
      ]
    },
    {
      "collectionGroup": "bookings",
      "queryScope": "COLLECTION",
      "fields": [
        {
          "fieldPath": "bookingStatus",
          "order": "ASCENDING"
        },
        {
          "fieldPath": "vehicleType.id",
          "order": "ASCENDING"
        },
        {
          "fieldPath": "position.geohash",
          "order": "ASCENDING"
        }
      ]
    },
    {
      "collectionGroup": "coupon",
      "queryScope": "COLLECTION",
      "fields": [
        {
          "fieldPath": "active",
          "order": "ASCENDING"
        },
        {
          "fieldPath": "isPrivate",
          "order": "ASCENDING"
        },
        {
          "fieldPath": "expireAt",
          "order": "ASCENDING"
        }
      ]
    },
    {
      "collectionGroup": "drivers",
      "queryScope": "COLLECTION",
      "fields": [
        {
          "fieldPath": "driverVehicleDetails.vehicleTypeId",
          "order": "ASCENDING"
        },
        {
          "fieldPath": "isOnline",
          "order": "ASCENDING"
        },
        {
          "fieldPath": "position.geohash",
          "order": "ASCENDING"
        }
      ]
    },
    {
      "collectionGroup": "notification",
      "queryScope": "COLLECTION",
      "fields": [
        {
          "fieldPath": "customerId",
          "order": "ASCENDING"
        },
        {
          "fieldPath": "createdAt",
          "order": "DESCENDING"
        }
      ]
    },
    {
      "collectionGroup": "notification",
      "queryScope": "COLLECTION",
      "fields": [
        {
          "fieldPath": "driverId",
          "order": "ASCENDING"
        },
        {
          "fieldPath": "createdAt",
          "order": "DESCENDING"
        }
      ]
    },
    {
      "collectionGroup": "vehicle_model",
      "queryScope": "COLLECTION",
      "fields": [
        {
          "fieldPath": "brandId",
          "order": "ASCENDING"
        },
        {
          "fieldPath": "title",
          "order": "ASCENDING"
        }
      ]
    },
    {
      "collectionGroup": "wallet_transaction",
      "queryScope": "COLLECTION",
      "fields": [
        {
          "fieldPath": "type",
          "order": "ASCENDING"
        },
        {
          "fieldPath": "userId",
          "order": "ASCENDING"
        },
        {
          "fieldPath": "createdDate",
          "order": "DESCENDING"
        }
      ]
    },
    {
      "collectionGroup": "withdrawal_history",
      "queryScope": "COLLECTION",
      "fields": [
        {
          "fieldPath": "driverId",
          "order": "ASCENDING"
        },
        {
          "fieldPath": "createdDate",
          "order": "DESCENDING"
        }
      ]
    }
  ],
  "fieldOverrides": []
}
